r,l,t
340.0,1787,5.883207321166992
360.0,1787,11.74743938446045
360.0,1774,17.452650785446167
360.0,1854,23.642669200897217
420.0,1787,29.367190837860107
320.0,1658,34.98456954956055
280.0,1629,40.28396701812744
300.0,1616,45.6591796875
420.0,1826,51.36568570137024
360.0,1773,56.928268909454346
380.0,1765,62.611531496047974
380.0,1792,68.24957203865051
360.0,1788,73.86909556388855
420.0,1789,79.39434838294983
120.0,1058,82.83232736587524
380.0,1820,88.43811392784119
400.0,1790,93.96866703033447
440.0,1820,99.87789678573608
420.0,1821,105.75370383262634
380.0,1784,111.27345657348633
600.0,2508,118.99615526199341
380.0,1821,124.6750819683075
320.0,1773,130.20727372169495
380.0,1639,135.34209084510803
340.0,1787,140.84064602851868
300.0,1615,145.95026993751526
320.0,1787,151.55456805229187
360.0,1789,157.17521286010742
300.0,1787,162.9331831932068
300.0,1819,168.94363832473755
300.0,1787,174.62626004219055
480.0,1819,180.47209882736206
280.0,1787,186.23915696144104
320.0,1821,191.83892440795898
380.0,1787,197.61884784698486
220.0,1769,203.21447849273682
420.0,1798,209.07194542884827
420.0,4500,223.13612818717957
320.0,1819,228.76002287864685
560.0,2390,236.02593851089478
380.0,1826,241.55518746376038
460.0,1790,246.99358367919922
360.0,1793,252.44329500198364
480.0,1788,258.1836607456207
340.0,1787,263.8831481933594
420.0,1796,269.80577850341797
300.0,1790,275.4932792186737
300.0,1805,281.3605628013611
360.0,1819,287.08989334106445
420.0,1819,292.7891516685486
300.0,1745,298.2159390449524
360.0,1790,303.7972493171692
400.0,1791,309.21405506134033
260.0,1786,314.79714798927307
360.0,1791,320.5583379268646
240.0,1628,325.593710899353
300.0,1628,330.60567116737366
380.0,1820,336.3748154640198
340.0,1632,341.3932526111603
740.0,4500,355.9758679866791
280.0,1774,361.5854525566101
360.0,1866,367.3626720905304
440.0,1792,372.89241075515747
340.0,1796,378.48866605758667
240.0,1615,383.76307368278503
400.0,1819,389.67671251296997
320.0,1787,395.2895610332489
340.0,1790,400.9343259334564
320.0,1667,406.0042018890381
360.0,1788,411.41262793540955
320.0,1853,417.03830885887146
300.0,1755,422.5146424770355
460.0,1854,428.3366298675537
360.0,1851,434.1082100868225
380.0,1790,439.5432016849518
360.0,1823,445.25432872772217
400.0,1787,450.7722294330597
360.0,1822,456.3869035243988
280.0,1766,461.86904883384705
680.0,2559,469.72135949134827
400.0,1776,475.1554582118988
400.0,1822,480.7649471759796
320.0,1787,486.30079984664917
320.0,1787,491.80901193618774
360.0,1852,497.5392849445343
420.0,1861,503.92958998680115
340.0,1851,509.8512554168701
620.0,2270,517.294095993042
440.0,1822,523.0379362106323
260.0,1766,528.6455237865448
340.0,1787,534.1098823547363
380.0,1787,539.5606715679169
360.0,1787,545.1294414997101
880.0,2485,552.8103134632111
260.0,1608,557.711982011795
420.0,1830,563.7593302726746
340.0,1794,569.1366333961487
480.0,2325,576.3468022346497
280.0,1629,581.3102066516876
300.0,1798,586.9334299564362
220.0,1798,592.4865481853485
200.0,1819,597.9320967197418
280.0,1791,603.3846879005432
180.0,1456,607.824319601059
260.0,1775,613.2875599861145
260.0,1814,618.8321762084961
540.0,2468,626.3500678539276
760.0,2531,634.0104072093964
380.0,1819,639.5375843048096
520.0,1887,645.2458245754242
320.0,1787,650.6673049926758
360.0,1820,656.1773090362549
340.0,1834,661.8010275363922
420.0,4500,675.0817711353302
280.0,1617,680.3166859149933
340.0,1798,686.0075132846832
280.0,1787,691.5141468048096
220.0,1629,696.7364766597748
460.0,1806,702.2769691944122
240.0,1630,707.1801557540894
280.0,1787,712.5688648223877
280.0,1643,717.4747474193573
240.0,1633,722.4047129154205
860.0,2990,731.5294048786163
440.0,4500,744.7990190982819
340.0,1789,750.2690651416779
800.0,2784,758.7086477279663
300.0,1618,763.6745235919952
300.0,1761,769.0255522727966
400.0,1854,774.6957921981812
360.0,1789,780.2284655570984
340.0,1788,785.8383145332336
420.0,1806,791.4364326000214
280.0,1760,797.000016450882
380.0,1787,802.7302711009979
380.0,1852,808.4703629016876
360.0,1787,814.0311176776886
380.0,1820,819.7251389026642
280.0,1790,825.1631872653961
720.0,2593,833.2130086421967
360.0,1819,839.0673673152924
300.0,1854,844.9821043014526
300.0,1787,850.7524375915527
380.0,1793,856.5684578418732
200.0,1470,861.2245321273804
280.0,1787,866.8795075416565
460.0,1795,872.6325235366821
320.0,1770,878.3753304481506
360.0,1819,884.0282852649689
320.0,1806,889.650048494339
400.0,1820,895.360377073288
320.0,1787,900.9840786457062
60.0,770,903.3957676887512
380.0,1792,909.0973033905029
340.0,1630,914.2291889190674
280.0,1787,919.8893055915833
240.0,1633,925.0082831382751
340.0,1842,931.010274887085
360.0,1834,937.3871104717255
460.0,1819,944.0254149436951
380.0,1793,950.0037322044373
300.0,1629,955.7283480167389
380.0,1822,962.4382929801941
400.0,1788,968.2797801494598
220.0,1788,974.361088514328
380.0,1789,980.5039439201355
380.0,1787,986.5815625190735
320.0,1775,992.3993153572083
220.0,1787,998.2332105636597
420.0,1791,1004.3304162025452
360.0,1789,1010.2425646781921
380.0,1806,1016.1353900432587
360.0,1693,1021.617653131485
300.0,1661,1027.0567035675049
300.0,1820,1033.6649799346924
300.0,1661,1039.397227525711
340.0,1790,1045.4367520809174
440.0,1788,1051.5210676193237
340.0,1858,1057.610482931137
300.0,1819,1064.1182298660278
340.0,1789,1070.2120997905731
380.0,1819,1076.406171321869
360.0,1821,1082.5350115299225
320.0,1740,1088.328426361084
340.0,1811,1094.320348739624
260.0,1788,1100.2731637954712
480.0,1853,1106.395910024643
300.0,1752,1112.1635482311249
580.0,2532,1120.5169360637665
340.0,1787,1126.4163665771484
300.0,1787,1132.3392541408539
360.0,1790,1138.3759706020355
300.0,1788,1144.256297826767
180.0,1628,1149.5358810424805
380.0,1787,1155.389147758484
460.0,1852,1161.4811928272247
240.0,1774,1167.3083209991455
320.0,1787,1173.2241551876068
360.0,1788,1179.0417721271515
420.0,1793,1184.7836244106293
320.0,1799,1190.9197206497192
320.0,1774,1196.810328245163
220.0,1790,1202.989027261734
240.0,1648,1208.5694105625153
320.0,1787,1214.5607900619507
260.0,1772,1220.7457127571106
400.0,1823,1228.2831704616547
340.0,1793,1234.626859664917
300.0,1798,1240.8565845489502
400.0,1810,1246.8979802131653
260.0,1808,1252.8612504005432
360.0,1838,1258.9223988056183
380.0,1788,1264.850427389145
380.0,1820,1270.8817088603973
440.0,4500,1285.4053151607513
420.0,1839,1291.4504582881927
360.0,1824,1297.462718963623
260.0,1769,1303.2729756832123
300.0,1771,1309.094848394394
320.0,1787,1314.9806492328644
240.0,1794,1320.887348651886
340.0,1789,1326.631685256958
320.0,1787,1332.5529205799103
320.0,1819,1338.563146829605
300.0,1827,1344.511745929718
360.0,1787,1350.4987635612488
420.0,1856,1356.6248996257782
340.0,1774,1362.4350118637085
200.0,1612,1367.9181818962097
520.0,4500,1382.5789675712585
320.0,1822,1388.646250963211
340.0,1851,1394.7490811347961
420.0,1852,1400.7925779819489
280.0,1820,1406.7606272697449
740.0,4500,1421.3632628917694
340.0,1792,1427.3931639194489
320.0,1795,1433.2531926631927
380.0,1820,1439.196406841278
280.0,1788,1445.0833494663239
360.0,1789,1450.984842300415
320.0,1800,1456.9073748588562
300.0,1748,1462.7122189998627
400.0,1839,1468.76220870018
340.0,1785,1474.6139106750488
340.0,1837,1480.5977392196655
580.0,4500,1494.8194031715393
280.0,1769,1500.6917073726654
460.0,2359,1508.3565602302551
460.0,1824,1514.2259225845337
300.0,1791,1520.0409812927246
340.0,1775,1525.9106001853943
380.0,1776,1531.7528474330902
420.0,1790,1537.5878419876099
40.0,631,1539.6891181468964
320.0,1812,1545.5823073387146
400.0,1788,1551.4487297534943
440.0,1852,1557.4811823368073
300.0,1771,1563.2600409984589
340.0,1819,1569.2751700878143
340.0,1792,1575.1863861083984
420.0,1787,1581.1642107963562
400.0,1787,1587.149734735489
360.0,1787,1593.033697605133
240.0,1615,1598.3446691036224
360.0,1788,1604.0468652248383
280.0,1745,1609.3864448070526
180.0,1607,1614.3440880775452
720.0,4500,1628.2613897323608
360.0,1787,1633.9842782020569
400.0,1788,1639.7412810325623
340.0,1787,1645.45960354805
580.0,2573,1653.5162954330444
200.0,1502,1658.3599326610565
340.0,1827,1664.072151184082
460.0,1819,1669.828485250473
260.0,1787,1675.5046739578247
240.0,1457,1680.3564505577087
360.0,1819,1686.3020238876343
320.0,1827,1692.0712502002716
280.0,1787,1697.9030883312225
440.0,1819,1703.5019240379333
380.0,1769,1709.1724643707275
440.0,1820,1714.7837324142456
340.0,1787,1720.2740893363953
880.0,2863,1729.0964181423187
400.0,1820,1734.858162164688
220.0,1775,1740.831300497055
400.0,1825,1746.760537147522
800.0,4500,1760.4275362491608
320.0,1791,1765.910930633545
360.0,1830,1771.6218049526215
240.0,1616,1776.7328686714172
360.0,1789,1782.34983253479
360.0,1819,1788.0908963680267
360.0,1787,1793.6540353298187
440.0,1810,1799.393413066864
280.0,1615,1804.4052538871765
320.0,1663,1809.5862617492676
360.0,1789,1815.331740140915
440.0,1819,1821.097089767456
240.0,1752,1826.7794501781464
400.0,1787,1832.4028899669647
380.0,1806,1838.1725461483002
320.0,1765,1843.6840126514435
280.0,1763,1849.1106796264648
460.0,1819,1854.7780137062073
300.0,1787,1860.3264117240906
300.0,1779,1866.1770572662354
360.0,1825,1872.4638350009918
420.0,1789,1878.5979261398315
260.0,1752,1884.4476873874664
240.0,1470,1889.3637254238129
440.0,1787,1894.9100332260132
360.0,1787,1900.6737744808197
280.0,1773,1906.388736486435
440.0,1787,1911.920972108841
360.0,1787,1917.4134497642517
260.0,1797,1922.8345732688904
340.0,1789,1928.3383212089539
300.0,1798,1933.9663865566254
300.0,1852,1939.551856994629
380.0,1823,1945.2084691524506
300.0,1787,1950.8653824329376
340.0,1669,1956.2896254062653
240.0,1788,1961.9005489349365
320.0,1788,1967.4783399105072
320.0,1829,1973.3459134101868
500.0,2134,1979.997861623764
440.0,1787,1985.6466581821442
300.0,1778,1991.2981996536255
260.0,1787,1997.064243555069
220.0,1787,2002.6175112724304
160.0,1615,2007.6070590019226
300.0,1787,2013.388519525528
260.0,1767,2019.4197344779968
320.0,1787,2025.119999885559
440.0,1823,2030.8410365581512
240.0,1607,2035.7213640213013
220.0,1631,2041.0874536037445
260.0,1615,2046.2262108325958
360.0,1766,2051.8426461219788
320.0,1770,2057.6525740623474
880.0,4500,2071.374876976013
300.0,1635,2076.4758200645447
260.0,1652,2081.505415916443
380.0,1773,2086.9490530490875
300.0,1740,2092.3634824752808
300.0,1639,2097.5154016017914
420.0,1766,2103.0322031974792
260.0,1603,2108.0340688228607
260.0,1790,2113.62123131752
320.0,1777,2119.131440639496
400.0,1787,2124.797231912613
740.0,4500,2138.7840101718903
340.0,1788,2144.292903661728
360.0,1847,2150.025177717209
320.0,1788,2155.545845746994
360.0,1791,2161.0223891735077
320.0,1663,2166.127681493759
320.0,1787,2171.524350166321
340.0,1826,2177.114180326462
320.0,1788,2182.5982234477997
340.0,1806,2188.1196501255035
380.0,1853,2193.785067796707
340.0,1776,2199.2542798519135
320.0,1824,2204.836396932602
320.0,1787,2210.2990090847015
220.0,1470,2214.784891843796
220.0,1761,2220.1879591941833
260.0,1821,2225.804696559906
360.0,1802,2231.313793182373
300.0,1787,2236.7444591522217
380.0,1789,2242.1995854377747
300.0,1787,2247.6746644973755
320.0,1790,2253.1647515296936
300.0,1819,2258.726799726486
360.0,1787,2264.2192273139954
380.0,1787,2269.6884734630585
280.0,1766,2275.1100158691406
320.0,1630,2280.0560779571533
240.0,1789,2285.4490401744843
420.0,1794,2290.9285700321198
460.0,1790,2296.359857082367
20.0,630,2298.330058813095
100.0,914,2301.138648748398
280.0,1820,2306.713881969452
260.0,1825,2312.3030095100403
360.0,1787,2317.7635900974274
300.0,1773,2323.1736404895782
340.0,1819,2328.8697044849396
400.0,1852,2334.633383512497
280.0,1792,2340.348793745041
360.0,1788,2345.842301130295
340.0,1809,2351.4614119529724
420.0,1790,2356.995688676834
500.0,1788,2362.544469356537
380.0,1844,2368.1786439418793
280.0,1787,2373.6376662254333
260.0,1796,2379.075366973877
380.0,1660,2384.1330370903015
420.0,1820,2389.66170501709
220.0,1787,2395.086646080017
420.0,1829,2400.588060617447
360.0,1774,2405.856876373291
260.0,1628,2410.841898918152
280.0,1852,2416.50838804245
340.0,1787,2421.888379096985
320.0,1787,2427.345860481262
360.0,1823,2432.849987268448
320.0,1807,2438.392478942871
300.0,1809,2444.0732877254486
400.0,1814,2449.942348718643
300.0,1777,2455.7855231761932
400.0,1819,2461.7262909412384
280.0,1631,2466.9214811325073
300.0,1809,2472.663801908493
340.0,1820,2478.6172528266907
200.0,1755,2484.5392501354218
300.0,1798,2490.242686033249
420.0,1819,2496.450325012207
280.0,1825,2502.8075878620148
340.0,1819,2508.494617700577
360.0,1820,2514.2591354846954
660.0,2420,2522.4229369163513
360.0,1819,2528.6157038211823
400.0,1851,2534.654333114624
320.0,1787,2540.5508716106415
420.0,1853,2546.5889427661896
320.0,1753,2552.2589337825775
360.0,1789,2558.0085039138794
380.0,1787,2563.8237891197205
340.0,1765,2569.618115901947
200.0,1787,2575.4834949970245
420.0,1789,2581.0963361263275
360.0,1831,2587.105755329132
300.0,1768,2592.805328130722
360.0,1855,2598.8114030361176
360.0,1765,2604.273253917694
340.0,1800,2609.971916437149
340.0,1790,2615.8182241916656
220.0,1755,2621.5657262802124
280.0,1628,2626.82803940773
280.0,1789,2632.6839480400085
300.0,1789,2638.3909826278687
480.0,1662,2643.530693769455
300.0,1787,2649.1061606407166
400.0,1787,2654.9748709201813
260.0,1661,2660.491027355194
380.0,1772,2666.325891017914
380.0,1787,2672.038249731064
360.0,1788,2677.709279537201
320.0,1766,2683.533276319504
400.0,1807,2689.3574635982513
260.0,1789,2695.2714734077454
300.0,1789,2700.9367401599884
300.0,1821,2706.8771555423737
380.0,1853,2712.7697772979736
360.0,1767,2718.245244026184
360.0,1821,2723.938488006592
240.0,1793,2729.5175907611847
320.0,1787,2735.181090116501
320.0,1788,2740.9076783657074
340.0,1829,2747.0812878608704
320.0,1631,2752.6498308181763
320.0,1753,2758.4634363651276
220.0,1787,2764.298961877823
360.0,1793,2770.068512201309
340.0,1787,2775.6561896800995
480.0,1820,2781.366163253784
320.0,1613,2786.4990527629852
620.0,2448,2794.121810436249
340.0,1664,2799.1608481407166
380.0,1789,2804.6095747947693
340.0,1787,2810.0410635471344
320.0,1787,2815.7054913043976
340.0,1763,2821.2486202716827
320.0,1470,2825.8688354492188
220.0,1628,2830.9515373706818
340.0,1852,2836.8282783031464
380.0,1787,2842.4238574504852
300.0,1791,2848.0708072185516
300.0,1788,2853.5806567668915
480.0,1788,2859.2405230998993
340.0,1787,2864.979662656784
440.0,1789,2870.6673703193665
360.0,1798,2876.4909479618073
420.0,1852,2882.6336238384247
300.0,1630,2887.9482078552246
300.0,1789,2893.8379521369934
300.0,1796,2899.5392332077026
300.0,1827,2905.5502820014954
280.0,1823,2911.4664463996887
280.0,1628,2916.676873445511
360.0,1789,2922.4214713573456
340.0,1796,2928.1720378398895
420.0,1821,2933.840222597122
280.0,1787,2939.488527774811
380.0,1842,2945.3399255275726
400.0,1787,2951.0299003124237
320.0,1789,2956.749207019806
300.0,1824,2962.5524473190308
340.0,1820,2968.3481438159943
420.0,1791,2974.014521598816
360.0,1664,2979.2704770565033
300.0,1788,2984.984791994095
380.0,1819,2991.0491061210632
440.0,1819,2996.701371192932
300.0,1787,3002.3352942466736
660.0,2329,3009.7895982265472
280.0,1828,3015.5965082645416
280.0,1788,3021.342362642288
260.0,1630,3026.5362372398376
400.0,1790,3031.9717888832092
400.0,1820,3037.510869026184
280.0,1475,3042.1097705364227
220.0,1770,3047.6754624843597
320.0,1787,3053.253716945648
200.0,1615,3058.3886790275574
260.0,1660,3063.5675938129425
320.0,1823,3069.4719874858856
300.0,1788,3075.224495410919
240.0,1788,3080.9901094436646
280.0,1633,3086.282973766327
300.0,1798,3092.0179059505463
380.0,1821,3097.8875687122345
240.0,1787,3103.797340154648
320.0,1789,3109.622601032257
540.0,2454,3117.43669629097
320.0,1799,3122.983968734741
300.0,1754,3128.4177565574646
280.0,1806,3134.094173192978
420.0,1827,3139.9122638702393
180.0,1503,3144.7280242443085
280.0,1792,3150.449830055237
340.0,1787,3156.245255947113
360.0,1776,3161.935197353363
280.0,1660,3167.329008579254
420.0,1767,3173.057616710663
460.0,1809,3178.9610707759857
340.0,1839,3184.7955133914948
260.0,1821,3190.6287608146667
300.0,1793,3196.3963062763214
300.0,1787,3202.0858221054077
480.0,2445,3210.0545971393585
160.0,1821,3215.9117379188538
320.0,1774,3221.678165912628
220.0,1621,3226.8496215343475
280.0,1787,3232.599707365036
500.0,2500,3240.515765428543
420.0,1790,3246.1787164211273
300.0,1664,3251.478925228119
380.0,1807,3257.2188696861267
400.0,1787,3262.8129189014435
320.0,1789,3268.403839111328
280.0,1787,3273.92099404335
500.0,1791,3279.4577622413635
260.0,1787,3285.0172300338745
320.0,1819,3290.6478719711304
360.0,1789,3296.215397834778
260.0,1661,3301.311065196991
400.0,1819,3306.948620080948
340.0,1806,3312.5076320171356
280.0,1783,3318.0342593193054
400.0,1788,3323.730405330658
400.0,1787,3329.5151069164276
240.0,1788,3335.2770142555237
260.0,1780,3340.960202217102
320.0,1858,3346.9181637763977
380.0,1787,3352.8041195869446
320.0,1752,3358.4485926628113
380.0,1822,3364.222906589508
380.0,1819,3369.909599304199
300.0,1791,3375.6062586307526
480.0,2170,3382.4898159503937
320.0,1797,3388.1746146678925
280.0,1789,3393.935209751129
360.0,1791,3399.680943250656
360.0,1774,3405.3974418640137
280.0,1787,3411.1351063251495
480.0,1787,3416.632205724716
580.0,4500,3430.3908293247223
300.0,1787,3436.0453341007233
280.0,1819,3441.85608792305
320.0,1820,3447.6857511997223
380.0,1821,3453.667522907257
320.0,1819,3459.356119155884
360.0,1860,3465.2206358909607
380.0,1788,3470.776285648346
280.0,1632,3476.1631734371185
440.0,1823,3482.0112857818604
360.0,1791,3487.7487659454346
280.0,1629,3492.914656639099
220.0,1647,3498.1492257118225
260.0,1741,3503.698575258255
320.0,1766,3509.422569990158
340.0,1789,3515.2392194271088
360.0,1822,3521.0893003940582
300.0,1795,3526.7127463817596
420.0,1820,3532.565661430359
380.0,1892,3538.3734769821167
820.0,4500,3552.7971420288086
300.0,1820,3558.5999233722687
300.0,1829,3564.772622823715
400.0,1791,3570.567502260208
380.0,1820,3576.250632047653
400.0,1809,3581.9687085151672
300.0,1819,3587.6982140541077
260.0,1821,3593.7041857242584
260.0,1473,3598.567584514618
420.0,1820,3604.3186621665955
280.0,1631,3609.4604947566986
340.0,1819,3615.22988986969
280.0,1775,3620.803572654724
380.0,1821,3626.4720990657806
500.0,1841,3632.1189184188843
240.0,1615,3637.0919477939606
440.0,1823,3642.6714749336243
320.0,1789,3648.2055039405823
300.0,1639,3653.261487722397
400.0,1796,3658.945827960968
360.0,1787,3664.6444759368896
320.0,1695,3669.993079185486
300.0,1813,3675.842780828476
340.0,1789,3681.5645163059235
260.0,1792,3687.2473933696747
320.0,1829,3692.9397809505463
420.0,1766,3698.4613943099976
320.0,1804,3704.026876926422
340.0,1883,3709.90576672554
140.0,1059,3713.2288246154785
440.0,1820,3718.855184316635
320.0,1787,3724.3939349651337
300.0,1819,3730.047421693802
380.0,1789,3735.6493701934814
420.0,2165,3742.475843667984
400.0,1790,3748.108228445053
320.0,1819,3753.7206406593323
380.0,1787,3759.3184916973114
400.0,1772,3764.987654209137
420.0,1789,3770.7475876808167
220.0,1628,3776.2120821475983
260.0,1631,3781.5911705493927
420.0,1811,3787.466339826584
440.0,1852,3793.291396379471
380.0,1819,3799.210828781128
320.0,1787,3804.893259048462
420.0,1820,3810.6161901950836
340.0,1823,3816.2968821525574
480.0,1820,3821.9919080734253
320.0,1618,3826.9546325206757
320.0,1791,3832.459586620331
360.0,1791,3837.965918302536
360.0,1787,3843.5871856212616
360.0,1787,3849.1474282741547
300.0,1615,3854.4601402282715
340.0,1787,3860.0797276496887
300.0,1788,3865.639152765274
480.0,1793,3871.2459247112274
460.0,1819,3876.965998649597
460.0,2106,3883.476705312729
380.0,1788,3889.167829990387
360.0,1795,3895.265561103821
180.0,1791,3900.9896273612976
320.0,1770,3906.4649953842163
360.0,1820,3912.3511266708374
500.0,1819,3918.231416940689
380.0,1820,3924.022437095642
280.0,1767,3929.610748529434
400.0,1788,3935.2188630104065
460.0,1827,3940.9151318073273
320.0,1789,3946.7733006477356
300.0,1616,3951.9503540992737
320.0,1787,3957.589856147766
240.0,1615,3962.5862069129944
340.0,1762,3967.9674837589264
260.0,1769,3973.493993997574
580.0,2372,3980.95445895195
260.0,1633,3985.9937620162964
300.0,1615,3990.9863879680634
380.0,1774,3996.5302922725677
360.0,1852,4002.288871526718
260.0,1792,4007.8405606746674
200.0,1630,4012.925196170807
220.0,1607,4017.9059159755707
240.0,1630,4022.9422545433044
140.0,1064,4026.2286052703857
400.0,1852,4032.162688970566
400.0,1852,4038.117653608322
360.0,1681,4043.4528613090515
340.0,1819,4049.1764154434204
460.0,2122,4055.7501480579376
420.0,1822,4061.4081456661224
420.0,1792,4067.0158195495605
340.0,1821,4072.731864929199
340.0,1787,4078.304298877716
340.0,1851,4084.1132431030273
500.0,2497,4091.7711272239685
340.0,1787,4097.577666759491
320.0,1855,4103.759616613388
260.0,1791,4109.482649564743
300.0,1793,4115.059892177582
340.0,1797,4120.692925930023
400.0,1788,4126.489103794098
280.0,1775,4132.18421292305
300.0,1752,4137.666784524918
300.0,1854,4143.914744853973
400.0,1821,4149.779927015305
500.0,1851,4155.592775583267
260.0,1607,4160.685710906982
400.0,1819,4166.414367437363
260.0,1615,4171.475540161133
300.0,1819,4177.120177030563
320.0,1852,4182.892456293106
360.0,2218,4189.9987144470215
400.0,1788,4195.737974643707
400.0,2138,4202.54074716568
380.0,1825,4208.314051628113
300.0,1781,4213.839549303055
420.0,1853,4219.764769077301
280.0,1774,4225.676073551178
420.0,1802,4231.463198184967
340.0,1787,4237.161500453949
400.0,1789,4242.768662929535
320.0,1810,4248.46605348587
300.0,1766,4253.891560316086
300.0,1798,4259.415353298187
440.0,1778,4264.85068321228
400.0,1827,4270.428483247757
400.0,1851,4276.128426551819
380.0,1821,4281.853534460068
260.0,1755,4287.459260702133
300.0,1787,4293.061234712601
620.0,2562,4300.968597412109
320.0,1819,4306.735292673111
300.0,1788,4312.715019226074
420.0,1789,4318.888059854507
400.0,1787,4324.709981679916
400.0,1787,4330.288985967636
360.0,1822,4335.982928752899
460.0,1787,4341.54127240181
320.0,1857,4347.3197016716
260.0,1779,4352.848986387253
300.0,1766,4358.37061715126
360.0,1774,4363.92414855957
320.0,1794,4369.594925880432
380.0,1853,4375.420423746109
360.0,1787,4380.9574275016785
280.0,1806,4386.558993816376
200.0,1449,4391.068530321121
280.0,1763,4396.507467985153
300.0,1786,4402.063682317734
400.0,1821,4408.166677713394
340.0,1851,4414.008793592453
620.0,4500,4428.048470258713
400.0,1787,4433.801420927048
340.0,1820,4439.552053451538
240.0,1819,4445.2350080013275
380.0,1822,4451.044004201889
300.0,1630,4456.541719198227
260.0,1766,4462.753359079361
200.0,1788,4469.717910766602
280.0,1629,4475.619655847549
260.0,1788,4482.6714220047
420.0,1854,4489.163875102997
360.0,1822,4495.6306138038635
440.0,1790,4501.648363351822
400.0,1789,4507.791370868683
240.0,1732,4513.685021162033
300.0,1801,4520.3797261714935
660.0,4500,4536.142938375473
280.0,1768,4542.3593118190765
300.0,1787,4549.100506544113
340.0,1775,4555.975765943527
440.0,1829,4562.371249437332
260.0,1755,4568.414253950119
260.0,1824,4574.437023639679
380.0,1792,4580.351331710815
360.0,1787,4585.999930381775
380.0,1628,4591.190997600555
300.0,1787,4597.273369550705
400.0,1787,4603.364041805267
120.0,922,4606.468068599701
680.0,2334,4613.843913078308
360.0,1778,4619.491708517075
340.0,1822,4625.584022760391
440.0,1793,4632.293808221817
180.0,1615,4639.120786190033
360.0,1774,4645.367471456528
300.0,1793,4651.140452861786
340.0,1823,4656.856153488159
360.0,1822,4662.592484474182
200.0,1663,4667.747217416763
380.0,1886,4673.662753820419
340.0,1805,4679.422744035721
800.0,2794,4688.017634868622
360.0,1787,4693.5804715156555
260.0,1820,4699.602358818054
300.0,1773,4705.365948438644
380.0,1788,4711.203553676605
340.0,1820,4717.0470106601715
380.0,1791,4722.746340036392
320.0,1819,4728.565460920334
420.0,1820,4734.4467532634735
300.0,1854,4740.575086355209
360.0,1787,4746.428887844086
320.0,1789,4752.35525226593
320.0,1822,4758.22842335701
520.0,1821,4764.011632204056
340.0,1790,4769.688341140747
380.0,1787,4775.386826038361
280.0,1634,4780.694167852402
300.0,1792,4786.64954996109
220.0,1629,4792.075894832611
300.0,1789,4798.074344873428
380.0,1819,4803.881597995758
340.0,1672,4809.337970972061
320.0,1802,4815.295718193054
400.0,1826,4821.338161945343
780.0,4500,4835.861380338669
300.0,1628,4841.026172161102
380.0,1808,4846.722660779953
320.0,1788,4852.3046798706055
320.0,1831,4858.1039979457855
380.0,1792,4864.084362030029
340.0,1793,4869.962585687637
340.0,1805,4875.686617612839
300.0,1758,4881.2275512218475
420.0,1831,4886.936155557632
440.0,1819,4892.724891424179
300.0,1802,4898.59455871582
460.0,1819,4904.515042304993
380.0,1787,4910.1670179367065
380.0,1774,4916.05838227272
560.0,2364,4923.586397886276
320.0,1815,4929.254329919815
180.0,1633,4934.473459482193
360.0,1649,4940.067270517349
380.0,1812,4946.26219367981
400.0,1819,4952.571380138397
300.0,1629,4958.155295133591
340.0,1632,4963.479317188263
300.0,1755,4969.28266787529
220.0,1775,4975.077936887741
720.0,2754,4984.218668937683
320.0,1787,4990.290064573288
360.0,1819,4996.505580186844
400.0,1789,5002.635657548904
280.0,1822,5008.907427549362
340.0,1819,5015.3966546058655
400.0,1819,5021.632042884827
320.0,1661,5027.018918991089
260.0,1777,5032.673377990723
440.0,1820,5038.510785341263
420.0,1792,5044.64688205719
280.0,1797,5050.568055391312
380.0,1816,5056.426170349121
480.0,2388,5064.893129348755
280.0,1788,5071.065603971481
320.0,1793,5077.345631122589
360.0,1787,5083.507109165192
300.0,1798,5090.140321969986
300.0,1631,5095.62020111084
340.0,1625,5100.863921880722
740.0,4500,5115.956561565399
320.0,1625,5121.35743522644
80.0,909,5124.500314712524
320.0,1809,5130.513423681259
320.0,1629,5135.731249094009
300.0,1788,5141.531486272812
400.0,1791,5147.597655773163
400.0,1792,5153.979457855225
120.0,1051,5157.642211437225
360.0,1819,5163.962727546692
340.0,1819,5170.636781454086
300.0,1788,5177.12419962883
360.0,1765,5183.520347356796
700.0,2500,5192.201058149338
300.0,1823,5198.300414085388
320.0,1771,5204.091945171356
260.0,1762,5210.098263025284
300.0,1787,5216.168218135834
320.0,1776,5221.867802143097
300.0,1794,5227.700492858887
340.0,1820,5233.739435195923
280.0,1806,5239.934230566025
260.0,1610,5245.2374358177185
320.0,1765,5251.151239871979
400.0,1855,5257.409196853638
360.0,1789,5263.516299724579
400.0,1788,5269.487851381302
300.0,1778,5275.725265264511
380.0,1806,5281.939407110214
340.0,1806,5287.967682600021
300.0,1661,5293.613696336746
280.0,1801,5299.747495174408
280.0,1619,5305.174525737762
340.0,1787,5311.395144701004
300.0,1787,5317.726946592331
300.0,1628,5323.438540458679
380.0,1820,5329.593794107437
280.0,1788,5335.650433540344
360.0,1760,5341.559666633606
280.0,1789,5347.358088254929
60.0,899,5350.3916091918945
240.0,1628,5355.724634408951
360.0,1824,5361.71763586998
260.0,1778,5367.680287361145
260.0,1787,5373.778334379196
460.0,4500,5388.351726531982
200.0,1790,5394.5963270664215
420.0,1806,5400.9181599617
400.0,1787,5407.184294462204
400.0,1820,5413.31603884697
280.0,1787,5419.417630434036
280.0,1821,5425.562837362289
320.0,1755,5431.58052110672
400.0,1825,5437.864137411118
380.0,1789,5443.729011774063
360.0,1791,5449.907472610474
360.0,1802,5456.307223558426
240.0,1793,5462.55979347229
160.0,1628,5468.431765556335
300.0,1792,5474.453971385956
340.0,1820,5480.607741117477
440.0,1787,5486.425896406174
280.0,1788,5492.220817327499
300.0,1654,5497.636959314346
260.0,1634,5503.07608628273
420.0,1819,5509.056919813156
320.0,1822,5515.035069704056
300.0,1823,5521.108859062195
380.0,1788,5526.891757249832
240.0,1787,5532.568792819977
320.0,1798,5538.62087726593
300.0,1648,5544.043308496475
380.0,1787,5549.977258682251
400.0,1789,5555.8558514118195
340.0,1773,5561.670362472534
360.0,1819,5567.643255710602
400.0,1819,5573.706638813019
740.0,2500,5581.678373336792
320.0,1825,5587.548242092133
300.0,1789,5593.250988960266
360.0,1821,5599.08149433136
200.0,1615,5604.707956075668
300.0,1761,5610.630394458771
340.0,1803,5616.682389497757
420.0,1826,5623.356345415115
360.0,1789,5629.289659738541
300.0,1752,5635.124404668808
340.0,1830,5641.079006433487
300.0,1788,5647.09358215332
400.0,1826,5653.16163277626
360.0,1773,5658.795464992523
420.0,1853,5664.6490614414215
420.0,1798,5670.302561998367
320.0,1865,5676.272672653198
220.0,1594,5681.59699678421
320.0,1852,5687.6017899513245
280.0,1798,5693.531309604645
320.0,1852,5699.916961669922
300.0,1819,5706.175191164017
400.0,1820,5712.607077121735
280.0,1752,5718.419355392456
760.0,2585,5727.22873544693
320.0,1822,5733.971366643906
300.0,1636,5740.258629083633
360.0,1787,5746.176072597504
420.0,1787,5752.021226882935
260.0,1787,5757.79460310936
340.0,1852,5763.822151899338
280.0,1820,5769.786854028702
420.0,1853,5775.852681398392
320.0,1774,5781.942940950394
220.0,1629,5787.758057117462
300.0,1629,5793.670972824097
460.0,1787,5800.536403179169
340.0,1851,5807.158582448959
640.0,2470,5815.402796030045
320.0,1794,5821.58971953392
360.0,1819,5827.866761684418
320.0,1787,5834.178505182266
420.0,1819,5840.771048784256
380.0,1793,5847.094209432602
380.0,1795,5853.283372879028
220.0,1628,5858.797763586044
420.0,1794,5864.96182012558
260.0,1787,5870.928918123245
340.0,1819,5876.993519544601
400.0,1825,5883.158981800079
280.0,1628,5888.540927648544
440.0,1790,5894.800532102585
380.0,1852,5901.392760753632
300.0,1787,5907.566956043243
320.0,1819,5913.875452041626
500.0,2372,5921.697407722473
400.0,1852,5927.717517614365
300.0,1788,5933.4876391887665
320.0,1773,5939.451176404953
340.0,1792,5945.281327724457
320.0,1787,5951.085271835327
340.0,1789,5956.908241271973
340.0,1773,5962.712743282318
480.0,4500,5977.7774310112
360.0,1787,5983.986965417862
380.0,1821,5990.237459659576
320.0,1822,5996.631818056107
400.0,1857,6004.089280366898
340.0,1787,6011.141965389252
660.0,2287,6020.196485757828
340.0,1789,6027.323776245117
360.0,1819,6034.981164693832
420.0,1819,6042.058588027954
460.0,1820,6048.973066806793
420.0,1819,6056.383765697479
440.0,1795,6064.101430892944
700.0,4500,6080.994657278061
400.0,2226,6089.993143320084
440.0,1788,6097.168416500092
440.0,1833,6104.131135225296
260.0,1738,6110.910402297974
400.0,1858,6118.26242017746
460.0,1788,6125.69926404953
440.0,1798,6135.529556751251
300.0,1470,6142.4880957603455
400.0,1852,6149.68585395813
900.0,4500,6168.4606120586395
400.0,1827,6176.239685297012
300.0,1819,6183.292724847794
320.0,1787,6190.756518363953
200.0,1792,6197.756013631821
440.0,1831,6205.895317077637
300.0,1798,6215.022232294083
200.0,1628,6222.177646160126
260.0,1739,6229.1359124183655
260.0,1886,6236.919360399246
480.0,1793,6244.835856676102
480.0,2237,6254.969116449356
320.0,1787,6263.131333827972
220.0,1639,6270.934185266495
340.0,1819,6278.672393798828
640.0,4500,6294.35268497467
360.0,1800,6300.814073562622
220.0,1766,6307.6163964271545
260.0,1615,6315.642381191254
400.0,1823,6325.4057331085205
380.0,1819,6332.695321321487
400.0,1821,6339.500002384186
340.0,1851,6346.391392946243
360.0,1855,6353.501060247421
380.0,1797,6360.831699371338
320.0,1773,6367.659581661224
280.0,1787,6374.42592716217
360.0,1817,6380.460341930389
380.0,1821,6387.028819799423
340.0,1821,6393.676199674606
460.0,1798,6400.109740972519
280.0,1787,6406.375483036041
320.0,1630,6411.913272380829
420.0,1787,6418.13406920433
320.0,1822,6424.832678079605
700.0,4500,6440.454357147217
340.0,1780,6446.936861276627
280.0,1787,6455.632976531982
340.0,1750,6462.096597671509
460.0,1823,6468.601225852966
300.0,1789,6474.924079656601
740.0,2677,6483.939090251923
300.0,1638,6489.511697769165
380.0,1629,6495.036050319672
200.0,1779,6501.288253545761
380.0,1852,6507.657326221466
420.0,1787,6513.48411989212
320.0,1790,6519.239307880402
340.0,1787,6525.074113607407
320.0,1791,6531.639359712601
260.0,1788,6537.793769598007
200.0,1644,6543.209832668304
560.0,2442,6551.79945898056
460.0,1793,6558.821581840515
360.0,1776,6566.003346920013
440.0,1820,6572.434593439102
460.0,1788,6578.935719013214
360.0,1819,6586.074689388275
260.0,1822,6592.8011264801025
360.0,1819,6598.9884605407715
280.0,1788,6604.983207702637
660.0,4500,6621.875935077667
580.0,2286,6633.876615047455
380.0,1788,6640.408144950867
440.0,4500,6655.502211809158
340.0,1787,6661.7538640499115
400.0,1820,6668.221778154373
440.0,1852,6674.567197799683
460.0,1851,6680.952500343323
400.0,1774,6687.163105726242
240.0,1618,6692.587945461273
260.0,1631,6697.9009301662445
380.0,1819,6704.055163860321
360.0,1787,6711.0779139995575
360.0,1787,6717.106649637222
340.0,1787,6722.992836713791
260.0,1750,6728.8886840343475
460.0,1787,6734.825675487518
300.0,1752,6740.9830067157745
280.0,1594,6746.600008010864
260.0,1636,6752.2588086128235
120.0,1051,6755.986660480499
380.0,1662,6761.65749502182
400.0,1831,6767.822963953018
300.0,1821,6774.262503147125
320.0,1647,6780.325492858887
400.0,1853,6786.773656129837
300.0,1823,6792.868271827698
360.0,1787,6799.266014099121
360.0,1806,6805.435919046402
340.0,1800,6811.998393297195
260.0,1787,6818.272894620895
320.0,1790,6824.333012342453
380.0,1851,6830.823072910309
300.0,1789,6836.897966861725
240.0,1798,6843.220322132111
340.0,1822,6850.056354999542
380.0,1819,6856.40806555748
340.0,1751,6862.360163927078
320.0,1802,6868.384731531143
360.0,1793,6874.221664190292
340.0,1766,6880.070232629776
300.0,1820,6886.018679141998
320.0,1789,6892.156227111816
280.0,1787,6897.925011873245
360.0,1787,6903.685664892197
380.0,1615,6908.996975183487
320.0,1822,6914.9927768707275
300.0,1787,6921.050926923752
300.0,1629,6926.649363040924
300.0,1661,6932.269408226013
340.0,1776,6938.135493040085
400.0,1822,6944.5203359127045
260.0,1661,6951.554614543915
260.0,1754,6957.795513391495
260.0,1787,6963.979489803314
420.0,1852,6970.645238637924
320.0,1819,6977.5475215911865
340.0,1788,6983.852845430374
340.0,1820,6990.911328077316
500.0,1789,6998.213791847229
300.0,1769,7005.283169269562
340.0,1821,7011.937690973282
280.0,1789,7018.462956905365
380.0,1839,7025.1558401584625
240.0,1603,7031.147544622421
420.0,1854,7037.616558790207
280.0,1766,7043.929674625397
280.0,1787,7050.101535797119
400.0,1875,7056.511339664459
340.0,1775,7062.892063856125
300.0,1806,7069.272965192795
480.0,1787,7075.333199262619
340.0,1790,7081.289602518082
460.0,1826,7087.229821920395
300.0,1789,7093.176753044128
280.0,1789,7100.741080522537
240.0,1662,7106.810529708862
400.0,1800,7113.03072810173
360.0,1854,7119.195097208023
380.0,1790,7125.338092803955
440.0,1774,7131.093558311462
400.0,1766,7137.234623193741
400.0,1777,7143.757661581039
400.0,1773,7150.7725241184235
400.0,1820,7157.743781328201
320.0,1774,7164.744369029999
480.0,1866,7172.230958938599
420.0,1789,7178.906430244446
480.0,1824,7185.9496467113495
60.0,769,7189.023362398148
380.0,1790,7195.909596920013
360.0,1789,7202.959030628204
540.0,1852,7209.739367008209
320.0,1787,7216.273450136185
380.0,1811,7222.359425783157
420.0,1792,7229.156773090363
400.0,1819,7235.6331470012665
360.0,1855,7242.217976570129
360.0,1787,7248.63938331604
260.0,1821,7255.587671756744
340.0,1787,7262.547746419907
360.0,1789,7268.794244766235
440.0,1795,7274.798031568527
360.0,1796,7281.388423919678
340.0,1789,7288.269467353821
400.0,1831,7294.914956569672
420.0,1665,7300.797543764114
360.0,2091,7308.123692035675
200.0,1470,7313.610056400299
340.0,1827,7321.019046545029
380.0,1790,7328.198062181473
380.0,1827,7336.316182851791
300.0,1806,7343.559561014175
300.0,1800,7349.699270248413
320.0,1852,7356.392478466034
280.0,1640,7362.210469007492
380.0,1789,7369.069843292236
340.0,1775,7375.947736024857
380.0,1858,7382.9858865737915
220.0,1628,7389.2515749931335
440.0,1787,7395.406688928604
420.0,1792,7401.948428869247
480.0,1787,7409.071574211121
100.0,914,7412.7273535728455
400.0,1820,7419.810063362122
420.0,1787,7426.958503484726
260.0,1765,7433.854038000107
60.0,773,7436.62593626976
460.0,1778,7443.452508211136
340.0,1787,7449.836363077164
280.0,1821,7457.33555150032
300.0,1800,7464.37353181839
340.0,1819,7472.266940116882
260.0,1629,7478.126850128174
460.0,1820,7483.929897546768
340.0,4500,7500.565316915512
440.0,1851,7507.579440116882
380.0,1822,7513.904889822006
340.0,1788,7519.911021947861
640.0,2677,7528.5192091465
400.0,1821,7535.032685518265
320.0,1788,7542.070481061935
720.0,2624,7551.459016799927
380.0,1819,7558.910426855087
240.0,1752,7566.038493871689
320.0,1853,7574.509817361832
460.0,1828,7583.304533243179
280.0,1781,7590.010881900787
340.0,1787,7596.080146551132
560.0,4500,7610.264284610748
340.0,1790,7616.281403303146
820.0,2701,7625.257493019104
380.0,1852,7632.166732549667
380.0,1771,7638.010055065155
220.0,1661,7643.370796442032
320.0,1807,7649.340805053711
300.0,1787,7655.184203147888
320.0,1787,7661.432497262955
320.0,1787,7668.855966091156
320.0,1824,7676.52693605423
300.0,1774,7684.019750356674
220.0,1473,7690.364100933075
360.0,1777,7699.108960390091
420.0,1787,7707.107861757278
220.0,1731,7714.78759932518
360.0,1819,7722.59076499939
440.0,1852,7731.533974647522
280.0,1792,7739.939870595932
460.0,1828,7747.90586400032
720.0,2600,7759.727684736252
320.0,1806,7768.418135643005
320.0,1796,7777.321016073227
380.0,1819,7785.68356013298
380.0,1829,7792.602477073669
260.0,1787,7799.186849117279
380.0,1789,7805.79758810997
260.0,1628,7811.781659126282
340.0,1787,7817.958285570145
280.0,1822,7826.996240377426
360.0,1786,7833.087536096573
340.0,1787,7838.800420284271
260.0,1824,7844.6447660923
440.0,1819,7850.743505477905
340.0,1792,7857.080351829529
400.0,1820,7864.184075593948
320.0,1638,7869.706699848175
340.0,1766,7875.424858570099
220.0,1612,7880.932727575302
360.0,1808,7887.0051882267
340.0,1823,7893.515753269196
480.0,1787,7900.038258314133
400.0,1789,7907.303950786591
300.0,1787,7913.958938837051
380.0,1820,7921.24773812294
100.0,924,7925.159730911255
300.0,1636,7931.7988793849945
720.0,4500,7951.193807125092
360.0,1819,7958.772179841995
340.0,1789,7966.010899305344
380.0,1771,7973.80654501915
540.0,1820,7982.187367200851
440.0,1787,7989.347020149231
340.0,1820,7996.703332424164
320.0,1819,8004.1209535598755
240.0,1635,8010.799720525742
740.0,2229,8019.96088886261
300.0,1760,8027.128697872162
340.0,1661,8033.938660144806
300.0,1774,8041.429641246796
280.0,1628,8048.3513152599335
220.0,1788,8055.57396030426
320.0,1823,8063.596849679947
300.0,1683,8071.959323883057
360.0,1790,8079.297734260559
280.0,1787,8087.754057884216
360.0,1744,8095.259660959244
320.0,1790,8102.479024648666
280.0,1633,8109.155488014221
240.0,1610,8116.00323843956
420.0,4500,8134.089159250259
260.0,1787,8141.38821387291
300.0,1801,8148.753078460693
260.0,1790,8156.278587818146
500.0,1819,8164.2047827243805
280.0,1821,8172.218292951584
420.0,1819,8180.41711640358
200.0,1773,8189.610391139984
320.0,1628,8196.681312084198
360.0,1762,8203.887689590454
320.0,1821,8211.844057559967
380.0,1858,8219.351234674454
340.0,1792,8226.616981744766
440.0,1790,8234.113120555878
340.0,1787,8242.595914363861
420.0,1788,8250.922780752182
300.0,1787,8258.764307498932
400.0,1819,8266.761737585068
340.0,1802,8274.71046924591
420.0,1863,8283.571299552917
400.0,1767,8291.779644489288
360.0,1821,8299.953468084335
360.0,1790,8306.962256669998
340.0,1789,8314.888162374496
420.0,1794,8321.067966938019
280.0,1784,8327.651933670044
280.0,1656,8334.485387802124
480.0,1830,8342.032088279724
220.0,1631,8348.666434288025
280.0,1763,8356.018722057343
360.0,1790,8363.800146818161
440.0,1789,8371.825884580612
280.0,1823,8379.673792362213
340.0,1840,8387.424529075623
220.0,1754,8394.996551036835
340.0,1819,8402.28857588768
280.0,1615,8408.864094734192
360.0,1787,8416.5128865242
300.0,1806,8424.063580751419
280.0,1823,8432.102813959122
240.0,1774,8442.935589551926
300.0,1821,8451.234357833862
360.0,1809,8459.536658287048
220.0,1456,8465.586119413376
200.0,1607,8472.208376169205
280.0,1765,8479.47609782219
380.0,1852,8487.034148454666
20.0,624,8489.743031024933
340.0,1778,8497.271500825882
420.0,1788,8504.414066791534
300.0,1787,8511.509849071503
300.0,1787,8519.381545305252
400.0,1829,8526.720720291138
440.0,1830,8533.950885772705
300.0,1661,8541.39733505249
320.0,1791,8549.13410115242
400.0,1789,8557.69986987114
280.0,1787,8566.346488714218
340.0,1803,8573.651869773865
340.0,1819,8581.195543289185
300.0,1780,8588.909676551819
300.0,1787,8596.240586042404
420.0,1776,8603.619572639465
320.0,1795,8611.03651022911
280.0,1629,8618.171608448029
180.0,1615,8624.940783262253
340.0,1787,8632.575311422348
280.0,1752,8639.879575014114
220.0,1824,8647.214485406876
460.0,1787,8654.597301721573
400.0,1829,8662.591950416565
360.0,1820,8670.613201618195
440.0,1766,8678.199870347977
340.0,1787,8690.962065458298
360.0,1852,8699.274771213531
420.0,1819,8707.078711032867
240.0,1774,8715.262590169907
360.0,1847,8722.94183063507
420.0,1819,8730.196376085281
360.0,1792,8737.235879421234
460.0,1819,8744.429062843323
280.0,1791,8751.665756464005
400.0,1787,8759.525587797165
260.0,1788,8768.257385015488
400.0,1789,8776.674539089203
300.0,1634,8784.001043081284
340.0,1790,8792.411893606186
300.0,1769,8800.223370075226
400.0,1787,8811.332179069519
220.0,1633,8819.28563451767
440.0,1787,8827.14427781105
440.0,1788,8835.429678916931
360.0,1776,8843.184064388275
380.0,1857,8850.347886800766
300.0,1820,8857.617996692657
320.0,1774,8864.939877271652
320.0,1788,8872.022777080536
560.0,2423,8881.73393201828
420.0,1872,8889.130086421967
300.0,1804,8896.410132408142
420.0,1819,8903.76441526413
220.0,1819,8910.542916536331
260.0,1607,8916.159132242203
440.0,1789,8923.186321258545
280.0,1617,8929.259402990341
260.0,1766,8939.257466554642
300.0,1788,8946.06527876854
400.0,1788,8953.13953924179
320.0,1628,8960.150791406631
280.0,1765,8967.064013004303
360.0,1796,8973.933608531952
340.0,1787,8980.754815101624
360.0,1787,8987.536847352982
300.0,1502,8993.219106435776
240.0,1776,9000.346097946167
340.0,1819,9007.185453414917
400.0,4500,9024.107347249985
320.0,1808,9031.1658577919
460.0,2070,9039.014451742172
380.0,1787,9045.998021125793
260.0,1602,9052.400195121765
400.0,1813,9062.825079917908
280.0,1789,9070.380761623383
240.0,1787,9077.362910032272
380.0,1629,9084.136853694916
340.0,1787,9091.219539403915
280.0,1665,9098.243607282639
360.0,1756,9105.03232216835
440.0,1789,9111.72955918312
360.0,1826,9118.679411888123
380.0,1787,9125.802682638168
400.0,1819,9134.423659324646
300.0,1788,9141.979207515717
420.0,1819,9148.52679347992
340.0,1607,9154.107970237732
380.0,1820,9160.234586000443
320.0,1768,9166.068220376968
380.0,1797,9171.916512727737
1140.0,4500,9189.92144703865
400.0,1841,9196.04145860672
420.0,1819,9201.99043560028
360.0,1820,9207.97882270813
360.0,1787,9213.75651049614
320.0,1819,9219.670898199081
420.0,1789,9225.530546665192
360.0,1765,9231.286814928055
380.0,1820,9237.300078392029
420.0,1802,9243.492646932602
360.0,1663,9248.922040700912
280.0,1767,9254.844940662384
300.0,1768,9260.624163866043
400.0,1787,9266.456428289413
400.0,1852,9272.558140277863
340.0,1854,9278.732377529144
380.0,1661,9284.380055189133
340.0,1790,9290.449031591415
340.0,1819,9296.581421613693
340.0,1787,9302.651607751846
380.0,1799,9310.98350596428
340.0,1785,9319.03420305252
300.0,1787,9324.994771957397
240.0,1787,9330.799193620682
460.0,4500,9345.31915640831
360.0,1807,9351.550332546234
360.0,1631,9357.548094034195
340.0,1821,9364.729347229004
240.0,1773,9371.302404642105
380.0,1820,9377.775876760483
420.0,1825,9384.363019943237
400.0,4500,9399.328824281693
340.0,1740,9405.144041538239
380.0,1773,9410.994157075882
340.0,1791,9416.883059740067
260.0,1805,9422.83337020874
660.0,4500,9443.173566102982
300.0,1628,9449.316689014435
260.0,1773,9455.918551921844
340.0,1806,9462.537907838821
340.0,1817,9468.52599811554
260.0,1662,9473.905985116959
260.0,1798,9479.762540340424
340.0,2276,9487.125309228897
300.0,1787,9493.247559785843
360.0,1852,9500.296105146408
280.0,1788,9507.108056306839
440.0,1791,9513.407677173615
380.0,1889,9520.46224284172
420.0,1787,9527.192042827606
360.0,1821,9533.522369146347
280.0,1730,9539.166652917862
220.0,1661,9544.570911884308
380.0,1777,9550.36631822586
340.0,1819,9556.402324199677
340.0,1787,9563.50504565239
620.0,2292,9575.07297372818
180.0,1607,9580.871973752975
320.0,1854,9587.323829650879
320.0,1811,9593.753910064697
380.0,2080,9601.89869093895
300.0,1787,9609.345334768295
460.0,1787,9616.04316329956
260.0,1790,9622.503571033478
260.0,1787,9629.424461603165
240.0,1535,9634.863399267197
260.0,1629,9640.340924978256
440.0,1828,9646.299154281616
360.0,1853,9652.287662744522
360.0,1766,9658.026725769043
340.0,1787,9663.86587381363
400.0,1789,9669.856337070465
120.0,921,9672.944525718689
260.0,1647,9678.38855957985
440.0,1819,9684.357130765915
460.0,1884,9693.715155601501
300.0,1789,9701.35621213913
440.0,1788,9707.14502120018
280.0,1796,9713.334996938705
320.0,1759,9719.15951871872
320.0,1630,9724.936586856842
300.0,1855,9731.148778676987
380.0,1790,9737.623294591904
380.0,1853,9745.194305181503
280.0,1788,9751.465652942657
220.0,1628,9756.620334625244
280.0,1853,9762.543869972229
240.0,1470,9767.606833696365
460.0,1892,9774.144123077393
400.0,1836,9780.913674116135
320.0,1792,9786.817230939865
400.0,1777,9792.94364309311
360.0,1831,9799.276177167892
320.0,1822,9806.956199169159
280.0,1787,9813.829724550247
400.0,1826,9828.92502951622
120.0,1054,9833.498907327652
360.0,1821,9839.870547294617
340.0,1787,9846.38260436058
340.0,1789,9854.508843660355
140.0,1059,9858.40118598938
860.0,2831,9868.1276679039
420.0,1884,9875.33161330223
480.0,1822,9882.025533914566
360.0,1787,9888.315665960312
340.0,1806,9894.601912260056
400.0,1788,9900.797380447388
300.0,1622,9906.082801580429
80.0,779,9908.75158405304
480.0,1889,9915.176691055298
240.0,1788,9921.362102508545
400.0,1788,9927.474334716797
340.0,1822,9933.442505598068
360.0,1628,9939.410788297653
300.0,1852,9945.973203659058
300.0,1787,9958.719518899918
240.0,1628,9970.357464313507
260.0,1797,9976.43104147911
360.0,1788,9982.639802455902
340.0,1785,9989.022722244263
440.0,1852,9995.558495283127
200.0,1477,10000.686431884766
360.0,1773,10006.788617372513
380.0,1789,10012.96756362915
320.0,1807,10019.75491309166
300.0,1803,10026.302873373032
380.0,1852,10032.669712543488
360.0,1819,10039.205923080444
400.0,1628,10045.128467559814
320.0,1821,10052.392336845398
340.0,1761,10058.292441129684
300.0,1820,10064.287628173828
400.0,1787,10070.670398712158
320.0,1774,10077.526288747787
520.0,2543,10088.43549990654
280.0,1787,10106.289510965347
260.0,1822,10113.313394069672
240.0,1792,10121.454919338226
340.0,1787,10128.154447078705
380.0,1820,10134.6980843544
420.0,1789,10140.840889453888
420.0,1788,10146.918286323547
380.0,1822,10153.73934674263
680.0,2576,10163.81911110878
220.0,1626,10169.447010278702
240.0,1788,10175.340138912201
300.0,1827,10181.357612848282
340.0,1819,10187.45274066925
300.0,1828,10193.385514736176
440.0,1820,10199.365663766861
460.0,1819,10206.030349969864
240.0,1802,10212.890879631042
320.0,1824,10219.221113681793
380.0,1885,10227.69427371025
60.0,902,10237.441851377487
360.0,1760,10246.96406698227
360.0,1787,10252.994252204895
340.0,1787,10259.510925292969
420.0,1820,10266.651083946228
320.0,1629,10272.594469070435
480.0,2287,10281.036755800247
260.0,1787,10287.243382930756
220.0,1615,10293.027210950851
280.0,1664,10299.095643043518
600.0,4500,10315.110078573227
360.0,1775,10322.355699539185
440.0,1819,10329.051733732224
380.0,1797,10335.129724025726
400.0,1825,10342.182092189789
280.0,1787,10349.294000864029
